{
  "timestamp": "2025-11-27T20:08:58.672850",
  "total_samples": 269,
  "model_performance": {
    "mega_random_forest": {
      "accuracy": 0.9259259259259259
    },
    "mega_gradient_boost": {
      "accuracy": 0.9629629629629629
    },
    "mega_logistic": {
      "accuracy": 0.8518518518518519
    }
  },
  "best_model": "mega_gradient_boost",
  "best_accuracy": 0.9629629629629629
}