{
  "timestamp": "2025-11-27T19:34:48.768580",
  "training_summary": {
    "total_samples": 14,
    "test_samples": 3,
    "categories": [
      "technology",
      "economics",
      "science",
      "politics",
      "health",
      "climate"
    ]
  },
  "model_performance": {
    "random_forest": {
      "accuracy": 0.6666666666666666,
      "classification_report": {
        "0": {
          "precision": 0.6666666666666666,
          "recall": 1.0,
          "f1-score": 0.8,
          "support": 2.0
        },
        "2": {
          "precision": 0.0,
          "recall": 0.0,
          "f1-score": 0.0,
          "support": 1.0
        },
        "accuracy": 0.6666666666666666,
        "macro avg": {
          "precision": 0.3333333333333333,
          "recall": 0.5,
          "f1-score": 0.4,
          "support": 3.0
        },
        "weighted avg": {
          "precision": 0.4444444444444444,
          "recall": 0.6666666666666666,
          "f1-score": 0.5333333333333333,
          "support": 3.0
        }
      },
      "confusion_matrix": [
        [
          2,
          0
        ],
        [
          1,
          0
        ]
      ]
    },
    "logistic_regression": {
      "accuracy": 0.6666666666666666,
      "classification_report": {
        "0": {
          "precision": 0.6666666666666666,
          "recall": 1.0,
          "f1-score": 0.8,
          "support": 2.0
        },
        "2": {
          "precision": 0.0,
          "recall": 0.0,
          "f1-score": 0.0,
          "support": 1.0
        },
        "accuracy": 0.6666666666666666,
        "macro avg": {
          "precision": 0.3333333333333333,
          "recall": 0.5,
          "f1-score": 0.4,
          "support": 3.0
        },
        "weighted avg": {
          "precision": 0.4444444444444444,
          "recall": 0.6666666666666666,
          "f1-score": 0.5333333333333333,
          "support": 3.0
        }
      },
      "confusion_matrix": [
        [
          2,
          0
        ],
        [
          1,
          0
        ]
      ]
    }
  }
}